Workbook

Sheet inputs_df
A1: node_id | B1: x_coordinate | C1: y_coordinate | D1: value_at_start | E1: fire_degradation_rate | F1: fire_amelioration_rate | G1: state | H1: neighborhood_list | I1: beta | J1: su
A2: 1 | B2: 0.5 | C2: 0.5 | D2: 21 | E2: 20.69 | F2: =E2*70/100 -> 14.483 | G2: 0 | H2: [2,7] | I2: =(D2/parameters!$B$4)*inputs_df!E2 -> 0.00043449 | J2: =(parameters!$B$4*parameters!$B$6)/(parameters!$B$3/inputs_df!E2) -> 1.5030044e+09
A3: 2 | B3: 1.5 | C3: 0.5 | D3: 41 | E3: 12.11 | F3: =E3*70/100 -> 8.477 | G3: 0 | H3: [1] | I3: =(D3/parameters!$B$4)*inputs_df!E3 -> 0.00049651 | J3: =(parameters!$B$4*parameters!$B$6)/(parameters!$B$3/inputs_df!E3) -> 879718840
A4: 3 | B4: 2.5 | C4: 0.5 | D4: 60 | E4: 8.94 | F4: =E4*70/100 -> 6.258 | G4: 0 | H4: [4] | I4: =(D4/parameters!$B$4)*inputs_df!E4 -> 0.0005364 | J4: =(parameters!$B$4*parameters!$B$6)/(parameters!$B$3/inputs_df!E4) -> 6.4943736e+08
A5: 4 | B5: 3.5 | C5: 0.5 | D5: 60 | E5: 8.94 | F5: =E5*70/100 -> 6.258 | G5: 1 | H5: [3,5] | I5: =(D5/parameters!$B$4)*inputs_df!E5 -> 0.0005364 | J5: =(parameters!$B$4*parameters!$B$6)/(parameters!$B$3/inputs_df!E5) -> 6.4943736e+08
A6: 5 | B6: 4.5 | C6: 0.5 | D6: 41 | E6: 15.98 | F6: =E6*70/100 -> 11.186 | G6: 0 | H6: [4,6] | I6: =(D6/parameters!$B$4)*inputs_df!E6 -> 0.00065518 | J6: =(parameters!$B$4*parameters!$B$6)/(parameters!$B$3/inputs_df!E6) -> 1160851120
A7: 6 | B7: 5.5 | C7: 0.5 | D7: 21 | E7: 20.69 | F7: =E7*70/100 -> 14.483 | G7: 0 | H7: [5,12] | I7: =(D7/parameters!$B$4)*inputs_df!E7 -> 0.00043449 | J7: =(parameters!$B$4*parameters!$B$6)/(parameters!$B$3/inputs_df!E7) -> 1.5030044e+09
A8: 7 | B8: 0.5 | C8: 1.5 | D8: 41 | E8: 12.11 | F8: =E8*70/100 -> 8.477 | G8: 1 | H8: [1,13] | I8: =(D8/parameters!$B$4)*inputs_df!E8 -> 0.00049651 | J8: =(parameters!$B$4*parameters!$B$6)/(parameters!$B$3/inputs_df!E8) -> 879718840
A9: 8 | B9: 1.5 | C9: 1.5 | D9: 0 | E9: 0 | F9: =E9*70/100 -> 0 | G9: 2 | I9: =(D9/parameters!$B$4)*inputs_df!E9 -> 0 | J9: 0
A10: 9 | B10: 2.5 | C10: 1.5 | D10: 88 | E10: 1.25 | F10: =E10*70/100 -> 0.875 | G10: 0 | H10: [3,10,15] | I10: =(D10/parameters!$B$4)*inputs_df!E10 -> 0.00011 | J10: =(parameters!$B$4*parameters!$B$6)/(parameters!$B$3/inputs_df!E10) -> 90805000
A11: 10 | B11: 3.5 | C11: 1.5 | D11: 88 | E11: 2.22 | F11: =E11*70/100 -> 1.554 | G11: 0 | H11: [4,9,16] | I11: =(D11/parameters!$B$4)*inputs_df!E11 -> 0.00019536 | J11: =(parameters!$B$4*parameters!$B$6)/(parameters!$B$3/inputs_df!E11) -> 161269680
A12: 11 | B12: 4.5 | C12: 1.5 | D12: 0 | E12: 0 | F12: =E12*70/100 -> 0 | G12: 2 | I12: =(D12/parameters!$B$4)*inputs_df!E12 -> 0 | J12: 0
A13: 12 | B13: 5.5 | C13: 1.5 | D13: 41 | E13: 12.11 | F13: =E13*70/100 -> 8.477 | G13: 0 | H13: [6,18] | I13: =(D13/parameters!$B$4)*inputs_df!E13 -> 0.00049651 | J13: =(parameters!$B$4*parameters!$B$6)/(parameters!$B$3/inputs_df!E13) -> 879718840
A14: 13 | B14: 0.5 | C14: 2.5 | D14: 60 | E14: 8.94 | F14: =E14*70/100 -> 6.258 | G14: 0 | H14: [7,14,19] | I14: =(D14/parameters!$B$4)*inputs_df!E14 -> 0.0005364 | J14: =(parameters!$B$4*parameters!$B$6)/(parameters!$B$3/inputs_df!E14) -> 6.4943736e+08
A15: 14 | B15: 1.5 | C15: 2.5 | D15: 88 | E15: 1.25 | F15: =E15*70/100 -> 0.875 | G15: 0 | H15: [13,20] | I15: =(D15/parameters!$B$4)*inputs_df!E15 -> 0.00011 | J15: =(parameters!$B$4*parameters!$B$6)/(parameters!$B$3/inputs_df!E15) -> 90805000
A16: 15 | B16: 2.5 | C16: 2.5 | D16: 98 | E16: 0.29 | F16: =E16*70/100 -> 0.203 | G16: 1 | H16: [9,16,21] | I16: =(D16/parameters!$B$4)*inputs_df!E16 -> 2.842e-05 | J16: =(parameters!$B$4*parameters!$B$6)/(parameters!$B$3/inputs_df!E16) -> 21066760
A17: 16 | B17: 3.5 | C17: 2.5 | D17: 98 | E17: 0.29 | F17: =E17*70/100 -> 0.203 | G17: 0 | H17: [10,15,17,22] | I17: =(D17/parameters!$B$4)*inputs_df!E17 -> 2.842e-05 | J17: =(parameters!$B$4*parameters!$B$6)/(parameters!$B$3/inputs_df!E17) -> 21066760
A18: 17 | B18: 4.5 | C18: 2.5 | D18: 88 | E18: 2.22 | F18: =E18*70/100 -> 1.554 | G18: 0 | H18: [16,18] | I18: =(D18/parameters!$B$4)*inputs_df!E18 -> 0.00019536 | J18: =(parameters!$B$4*parameters!$B$6)/(parameters!$B$3/inputs_df!E18) -> 161269680
A19: 18 | B19: 5.5 | C19: 2.5 | D19: 60 | E19: 4.72 | F19: =E19*70/100 -> 3.304 | G19: 0 | H19: [12,17] | I19: =(D19/parameters!$B$4)*inputs_df!E19 -> 0.0002832 | J19: =(parameters!$B$4*parameters!$B$6)/(parameters!$B$3/inputs_df!E19) -> 3.4287968e+08
A20: 19 | B20: 0.5 | C20: 3.5 | D20: 60 | E20: 4.72 | F20: =E20*70/100 -> 3.304 | G20: 0 | H20: [13,20,25] | I20: =(D20/parameters!$B$4)*inputs_df!E20 -> 0.0002832 | J20: =(parameters!$B$4*parameters!$B$6)/(parameters!$B$3/inputs_df!E20) -> 3.4287968e+08
A21: 20 | B21: 1.5 | C21: 3.5 | D21: 88 | E21: 1.25 | F21: =E21*70/100 -> 0.875 | G21: 0 | H21: [14,19] | I21: =(D21/parameters!$B$4)*inputs_df!E21 -> 0.00011 | J21: =(parameters!$B$4*parameters!$B$6)/(parameters!$B$3/inputs_df!E21) -> 90805000
A22: 21 | B22: 2.5 | C22: 3.5 | D22: 98 | E22: 0.29 | F22: =E22*70/100 -> 0.203 | G22: 0 | H22: [15,22,27] | I22: =(D22/parameters!$B$4)*inputs_df!E22 -> 2.842e-05 | J22: =(parameters!$B$4*parameters!$B$6)/(parameters!$B$3/inputs_df!E22) -> 21066760
A23: 22 | B23: 3.5 | C23: 3.5 | D23: 98 | E23: 0.29 | F23: =E23*70/100 -> 0.203 | G23: 1 | H23: [16,21,23,28] | I23: =(D23/parameters!$B$4)*inputs_df!E23 -> 2.842e-05 | J23: =(parameters!$B$4*parameters!$B$6)/(parameters!$B$3/inputs_df!E23) -> 21066760
A24: 23 | B24: 4.5 | C24: 3.5 | D24: 88 | E24: 1.25 | F24: =E24*70/100 -> 0.875 | G24: 0 | H24: [17,22,24] | I24: =(D24/parameters!$B$4)*inputs_df!E24 -> 0.00011 | J24: =(parameters!$B$4*parameters!$B$6)/(parameters!$B$3/inputs_df!E24) -> 90805000
... A26: 25 | B26: 0.5 | C26: 4.5 | D26: 41 | E26: 12.11 | F26: =E26*70/100 -> 8.477 | G26: 0 | H26: [19,31] | I26: =(D26/parameters!$B$4)*inputs_df!E26 -> 0.00049651 | J26: =(parameters!$B$4*parameters!$B$6)/(parameters!$B$3/inputs_df!E26) -> 879718840
A27: 26 | B27: 1.5 | C27: 4.5 | D27: 0 | E27: 0 | F27: =E27*70/100 -> 0 | G27: 2 | I27: =(D27/parameters!$B$4)*inputs_df!E27 -> 0 | J27: 0
A28: 27 | B28: 2.5 | C28: 4.5 | D28: 88 | E28: 2.22 | F28: =E28*70/100 -> 1.554 | G28: 1 | H28: [21,28,33] | I28: =(D28/parameters!$B$4)*inputs_df!E28 -> 0.00019536 | J28: =(parameters!$B$4*parameters!$B$6)/(parameters!$B$3/inputs_df!E28) -> 161269680
A29: 28 | B29: 3.5 | C29: 4.5 | D29: 88 | E29: 2.22 | F29: =E29*70/100 -> 1.554 | G29: 0 | H29: [22,27,34] | I29: =(D29/parameters!$B$4)*inputs_df!E29 -> 0.00019536 | J29: =(parameters!$B$4*parameters!$B$6)/(parameters!$B$3/inputs_df!E29) -> 161269680
A30: 29 | B30: 4.5 | C30: 4.5 | D30: 0 | E30: 0 | F30: =E30*70/100 -> 0 | G30: 2 | I30: =(D30/parameters!$B$4)*inputs_df!E30 -> 0 | J30: 0
A31: 30 | B31: 5.5 | C31: 4.5 | D31: 41 | E31: 15.98 | F31: =E31*70/100 -> 11.186 | G31: 0 | H31: [24,36] | I31: =(D31/parameters!$B$4)*inputs_df!E31 -> 0.00065518 | J31: =(parameters!$B$4*parameters!$B$6)/(parameters!$B$3/inputs_df!E31) -> 1160851120
A32: 31 | B32: 0.5 | C32: 5.5 | D32: 21 | E32: 20.69 | F32: =E32*70/100 -> 14.483 | G32: 0 | H32: [25,32] | I32: =(D32/parameters!$B$4)*inputs_df!E32 -> 0.00043449 | J32: =(parameters!$B$4*parameters!$B$6)/(parameters!$B$3/inputs_df!E32) -> 1.5030044e+09
A33: 32 | B33: 1.5 | C33: 5.5 | D33: 41 | E33: 15.98 | F33: =E33*70/100 -> 11.186 | G33: 1 | H33: [31,33] | I33: =(D33/parameters!$B$4)*inputs_df!E33 -> 0.00065518 | J33: =(parameters!$B$4*parameters!$B$6)/(parameters!$B$3/inputs_df!E33) -> 1160851120
A34: 33 | B34: 2.5 | C34: 5.5 | D34: 60 | E34: 8.94 | F34: =E34*70/100 -> 6.258 | G34: 0 | H34: [27,32,34] | I34: =(D34/parameters!$B$4)*inputs_df!E34 -> 0.0005364 | J34: =(parameters!$B$4*parameters!$B$6)/(parameters!$B$3/inputs_df!E34) -> 6.4943736e+08
A35: 34 | B35: 3.5 | C35: 5.5 | D35: 60 | E35: 4.72 | F35: =E35*70/100 -> 3.304 | G35: 0 | H35: [28,33,35] | I35: =(D35/parameters!$B$4)*inputs_df!E35 -> 0.0002832 | J35: =(parameters!$B$4*parameters!$B$6)/(parameters!$B$3/inputs_df!E35) -> 3.4287968e+08
A36: 35 | B36: 4.5 | C36: 5.5 | D36: 41 | E36: 15.98 | F36: =E36*70/100 -> 11.186 | G36: 1 | H36: [34,36] | I36: =(D36/parameters!$B$4)*inputs_df!E36 -> 0.00065518 | J36: =(parameters!$B$4*parameters!$B$6)/(parameters!$B$3/inputs_df!E36) -> 1160851120
A37: 36 | B37: 5.5 | C37: 5.5 | D37: 21 | E37: 20.69 | F37: =E37*70/100 -> 14.483 | G37: 0 | H37: [30,35] | I37: =(D37/parameters!$B$4)*inputs_df!E37 -> 0.00043449 | J37: =(parameters!$B$4*parameters!$B$6)/(parameters!$B$3/inputs_df!E37) -> 1.5030044e+09

Sheet bases
A1: Base | B1: x_coordinate | C1: y_coordinate | D1: Helicopter | E1: Fire Engine | F1: FRV
A2: A | B2: 0 | C2: 0 | D2: 5 | E2: 0 | F2: 0
A3: B | B3: 2 | C3: 6 | D3: 0 | E3: 3 | F3: 2
A4: C | B4: 6 | C4: 2 | D4: 0 | E4: 3 | F4: 2
A5: D | B5: 5 | C5: 5 | D5: 0 | E5: 3 | F5: 2
A6: E | B6: 2 | C6: 2 | D6: 0 | E6: 3 | F6: 2

Sheet parameters
A1: parameter | B1: value | C1: note
A2: n_nodes | B2: 36 | C2: required for MIP for single_run and combination_run modes
A3: region_side_length | B3: 500 | C3: required for MIP for single_run and combination_run modes
A4: node_area | B4: 1000000 | C4: required for MIP for single_run and combination_run modes
A5: time_limit | B5: 24 | C5: required for MIP for single_run and combination_run modes
A6: water required (for 1km2-lt) | B6: 36322
A7: helicopter_capacity | B7: 166.67
A8: helicopter_speed | B8: 2000
A9: fire_engine_capacity | B9: 222.23
A10: fire_engine_speed | B10: 500
A11: FRV_capacity | B11: 25
A12: FRV_speed | B12: 1000
